	Words	Scores
0	disorder	0.34657359027997264
1	channel	0.17328679513998632
2	traditional	0.11552453009332421
3	time	0.17328679513998632
4	performance	0.07192051811294521
5	proposed	0.05134423559703298
